{"name":"sbt","version":"1.10.11","bspVersion":"2.1.0-M1","languages":["scala"],"argv":["/opt/homebrew/Cellar/openjdk@17/17.0.15/libexec/openjdk.jdk/Contents/Home/bin/java","-Xms100m","-Xmx100m","-classpath","/Users/dhandapanidhandapaniyedappalli/Library/Caches/Coursier/arc/https/github.com/sbt/sbt/releases/download/v1.10.11/sbt-1.10.11.zip/sbt/bin/sbt-launch.jar","-Dsbt.script=/Users/dhandapanidhandapaniyedappalli/Library/Caches/Coursier/arc/https/github.com/sbt/sbt/releases/download/v1.10.11/sbt-1.10.11.zip/sbt/bin/sbt","xsbt.boot.Boot","-bsp"]}